epoch,loss,act_loss,kl_loss,beta
1,18.128678422421217,18.12645100057125,0.0022274026305240113,5e-07
2,16.524125488474965,16.52152510918677,0.0026003607240454585,5e-07
3,13.674840044230223,13.672077098861337,0.0027629456922113604,5e-07
4,7.588312640786171,7.585469892248511,0.0028427437537175138,5e-07
5,4.897933144122362,4.8949687564745545,0.0029643986877090356,5e-07
6,3.9104273444972932,3.9075058856979012,0.002921460700690659,5e-07
7,3.557883389759809,3.5549748563207686,0.002908536973336595,5e-07
8,3.3810286200605333,3.378146992996335,0.0028816356993957015,5e-07
9,3.2980895466171205,3.295202239882201,0.0028873075793853786,5e-07
10,3.2407055534422398,3.2378439088352025,0.0028616482027246093,5e-07
11,3.2044077632017434,3.2015468776226044,0.0028608860593521968,5e-07
12,3.180680777877569,3.1778458175249398,0.0028349531198728073,5e-07
13,3.159113686066121,3.1562962038442492,0.0028174780422887125,5e-07
14,3.1405215840786695,3.1377009521238506,0.002820628355948429,5e-07
15,3.125483386684209,3.1226503388024867,0.002833050078152155,5e-07
16,3.105162362102419,3.102357945404947,0.0028044158198099467,5e-07
17,3.106946687679738,3.1041529797948897,0.002793711503272789,5e-07
18,3.0827852468937635,3.0799828795716166,0.0028023692557326285,5e-07
19,3.094025729689747,3.091244143433869,0.002781580064947775,5e-07
20,3.069658142514527,3.0668714861385524,0.0027866522464137233,5e-07
21,3.059863193426281,3.057084417436272,0.0027787743188127934,5e-07
22,3.0657352856360376,3.06297767162323,0.002757612622644956,5e-07
23,3.0411363979801536,3.0383673473261297,0.0027690498427546117,5e-07
24,3.0503087239339948,3.0475531234405935,0.0027556021836971922,5e-07
25,3.0263394229114056,3.0235751192085445,0.0027643022249321803,5e-07
26,3.035530425142497,3.0327819185331464,0.0027484999391163,5e-07
27,3.01742673991248,3.0146791473962367,0.0027475939555188233,5e-07
28,3.0158013296313584,3.0130517361685634,0.002749594149463519,5e-07
29,3.0135289444588125,3.010785157326609,0.0027437865187494026,5e-07
30,3.003321824129671,3.000574642792344,0.0027471846287880908,5e-07
31,3.009754884056747,3.007013246882707,0.0027416371003710083,5e-07
32,3.002259936183691,2.9995156223885715,0.0027443103303994576,5e-07
33,2.9980621305294335,2.995321173220873,0.002740959195762116,5e-07
34,2.9871642412617803,2.9844221137464046,0.002742124113410682,5e-07
35,2.9874208103865385,2.98467774130404,0.0027430694258328003,5e-07
36,2.993094011209905,2.990362399723381,0.002731614646563685,5e-07
37,2.984837541822344,2.982101010158658,0.0027365335431568383,5e-07
38,2.97950839670375,2.976758469361812,0.0027499260495460476,5e-07
39,2.973843369167298,2.9710986739955842,0.0027446968856565945,5e-07
40,2.9742631926201284,2.971522070467472,0.002741118591529812,5e-07
41,2.968695619609207,2.965963658876717,0.002731956639308919,5e-07
42,2.960845660418272,2.9581098398193717,0.002735820199632144,5e-07
43,2.963452497497201,2.9607194513082504,0.0027330484681442613,5e-07
44,2.9616610971279442,2.9589280243963003,0.0027330704992891697,5e-07
45,2.948119467590004,2.9453733642585576,0.00274610268388642,5e-07
46,2.9569867751561105,2.9542530537582934,0.0027337178285051777,5e-07
47,2.949986642692238,2.94725231686607,0.00273432357744241,5e-07
48,2.951614813413471,2.948872748762369,0.0027420668152444705,5e-07
49,2.942556280642748,2.9398150788620114,0.002741200112268416,5e-07
50,2.947234022896737,2.944493615999818,0.0027404098213992256,5e-07
51,2.933145564980805,2.9304071967490017,0.002738369008511654,5e-07
52,2.940437071956694,2.937697846442461,0.0027392195706852362,5e-07
53,2.9381267074495554,2.935380646493286,0.0027460671376502432,5e-07
54,2.9409066075459123,2.938166076783091,0.0027405335072216985,5e-07
55,2.927530329208821,2.924783411435783,0.002746919481069199,5e-07
56,2.929518720600754,2.926772843580693,0.00274588056072389,5e-07
57,2.920659671071917,2.9179109036922455,0.0027487715697134263,5e-07
58,2.929755770601332,2.927005839534104,0.002749930895788566,5e-07
59,2.924650603439659,2.9218987957574427,0.0027518028750819212,5e-07
60,2.9162075696513057,2.9134610425680876,0.0027465238790682633,5e-07
61,2.9146402846090496,2.9118778598494828,0.0027624256490526022,5e-07
62,2.910100025590509,2.9073468381538987,0.0027531863702279225,5e-07
63,2.913663601037115,2.9109043292701244,0.002759275046628318,5e-07
64,2.909193819388747,2.906432054936886,0.002761765670584282,5e-07
65,2.9010795331560075,2.898320724721998,0.0027588078100961866,5e-07
66,2.899428390432149,2.8966696187853813,0.0027587682911871525,5e-07
67,2.9101739460602403,2.907410027924925,0.002763916953426815,5e-07
68,2.889425436966121,2.8866615504957736,0.002763888301615225,5e-07
69,2.8968364209868014,2.8940848913043737,0.0027515316673998313,5e-07
70,2.897517097648233,2.89474526187405,0.0027718346691472107,5e-07
71,2.8831552756018937,2.8803912308067083,0.0027640433577289514,5e-07
72,2.8875086060725152,2.884746022056788,0.0027625880957202753,5e-07
73,2.887943994253874,2.8851781678386033,0.0027658247763611143,5e-07
74,2.883885203395039,2.881122904829681,0.0027622959914879175,5e-07
75,2.8743230062536895,2.8715661512687802,0.0027568578157115553,5e-07
76,2.873947680927813,2.8711834773421288,0.002764203518836439,5e-07
77,2.8783045182935894,2.875550522003323,0.0027539933962543728,5e-07
78,2.8758505936712027,2.873076538089663,0.0027740578407247085,5e-07
79,2.8711166186258197,2.868351489305496,0.0027651290265566786,5e-07
80,2.859071611892432,2.856304447632283,0.0027671622879097413,5e-07
81,2.8565433020703495,2.8537691957317293,0.0027741041726585536,5e-07
82,2.868912009522319,2.866135864518583,0.0027761396272580896,5e-07
83,2.8545767604373395,2.8518068343400955,0.002769926305518311,5e-07
84,2.859466565772891,2.856688855215907,0.002777705938569852,5e-07
85,2.847305665258318,2.84452903829515,0.0027766306798184814,5e-07
86,2.851851753424853,2.8490703934803605,0.0027813562965093297,5e-07
87,2.856112969573587,2.8533385419286788,0.0027744313961193257,5e-07
88,2.8542674710042775,2.8515003859065473,0.002767090289580665,5e-07
89,2.847826773300767,2.8450497882440686,0.0027769856310442265,5e-07
90,2.8460276457481086,2.8432505247183144,0.002777127985154948,5e-07
91,2.8402114403434098,2.8374277343973517,0.0027837091515721113,5e-07
92,2.83944489993155,2.8366599115543067,0.0027849895309373096,5e-07
93,2.837808098178357,2.835014784242958,0.0027933146284340182,5e-07
94,2.8390821353532374,2.836298087146133,0.00278404955224687,5e-07
95,2.8417138317599893,2.8389289658516645,0.002784864190743974,5e-07
96,2.8266390836797655,2.8238551267422736,0.002783957914743951,5e-07
97,2.8342704088427126,2.8314687120728195,0.002801696941787668,5e-07
98,2.8239741837605834,2.821173335891217,0.0028008503722958267,5e-07
99,2.8247642535716295,2.821968904696405,0.0027953470985266904,5e-07
100,2.8220087001100183,2.8191961660049856,0.0028125334297328664,5e-07
101,2.844255701173097,2.8414630205370486,0.0027926810980716255,5e-07
102,2.8126347679644823,2.8098341431468725,0.002800622620725335,5e-07
103,2.8200059556402266,2.817214707378298,0.002791241980958148,5e-07
104,2.8093384648673236,2.8065300206653774,0.0028084471218789986,5e-07
105,2.8220287286676466,2.8192349057644606,0.002793827255118231,5e-07
106,2.803361900616437,2.8005567765794694,0.0028051185513504606,5e-07
107,2.7971388706937432,2.7943293768912554,0.0028094936692468764,5e-07
108,2.7926247394643724,2.7898042877204716,0.002820452709784149,5e-07
109,2.7941758427768946,2.7913607503287494,0.0028150917114544427,5e-07
110,2.7911768038757145,2.7883622054941952,0.002814603226397594,5e-07
111,2.8102459628134966,2.807426950894296,0.002819009080212709,5e-07
112,2.8099109353497624,2.8070924198254943,0.0028185096534798504,5e-07
113,2.78697840962559,2.7841498437337577,0.002828566079642769,5e-07
114,2.788395920302719,2.785575234796852,0.002820681468165276,5e-07
115,2.7795289042405784,2.7767009660601616,0.002827936842550116,5e-07
116,2.7772888895124197,2.7744641792960465,0.0028247119471416227,5e-07
117,2.780733116902411,2.7779104858636856,0.0028226305503267213,5e-07
118,2.7864382779225707,2.7836158429272473,0.0028224343859619694,5e-07
119,2.790114006958902,2.7872912869788706,0.0028227176144355326,5e-07
120,2.7763835666701198,2.7735707382671535,0.0028128236099291826,5e-07
121,2.7827239762991667,2.7799060167744756,0.002817960245465656,5e-07
122,2.7780917207710445,2.7752701961435378,0.002821525868967001,5e-07
123,2.774838855024427,2.7720187031663954,0.0028201524269206857,5e-07
124,2.7778623797930777,2.7750406353734434,0.002821746222252841,5e-07
125,2.767025531735271,2.7642006878741086,0.0028248445505596464,5e-07
126,2.7737663062289357,2.770947034470737,0.0028192745826345345,5e-07
127,2.7704522791318595,2.767637336626649,0.0028149420136287517,5e-07
128,2.7656985009089112,2.7628731997683644,0.002825305262376787,5e-07
129,2.7691103518009186,2.7662870013155043,0.002823351071583602,5e-07
130,2.7590543213300407,2.7562259496189654,0.002828371864325163,5e-07
131,2.7665539951995015,2.7637387574650347,0.0028152361437605578,5e-07
132,2.760208149906248,2.7573874299414456,0.0028207234022374905,5e-07
133,2.7497999109327793,2.7469770866446197,0.0028228283431417367,5e-07
134,2.762363766785711,2.7595490063540637,0.002814764929098601,5e-07
135,2.7548354542814195,2.7520135352388024,0.002821917601977475,5e-07
136,2.7553107580170035,2.7524893297813833,0.002821427621256589,5e-07
137,2.75170853221789,2.7488850904628634,0.002823439853727905,5e-07
138,2.7515049246139824,2.748684235382825,0.002820690066982934,5e-07
139,2.755559500772506,2.7527369931340218,0.002822507221480919,5e-07
140,2.7474439679645,2.7446223623119295,0.0028216075952514075,5e-07
141,2.7418276029638946,2.7390101277269423,0.0028174756344014895,5e-07
142,2.7427873793058097,2.739962625782937,0.0028247512491361704,5e-07
143,2.750839937478304,2.748023453168571,0.002816484404320363,5e-07
144,2.747047276701778,2.744215161539614,0.0028321155286903377,5e-07
145,2.7553541357629,2.7525455481372774,0.0028085910430490912,5e-07
146,2.74704397842288,2.744217556435615,0.002826431229550508,5e-07
147,2.7561413813382387,2.753319618757814,0.0028217639742251777,5e-07
148,2.7492453949525952,2.746428659185767,0.002816733319832565,5e-07
149,2.7279224689118564,2.7250906554982066,0.002831814663750265,5e-07
150,2.7338039744645357,2.7309842403046787,0.002819737463596539,5e-07
151,2.73563375743106,2.7328204880468547,0.0028132690472375543,5e-07
152,2.7253422010689974,2.7225109739229083,0.0028312281892795,5e-07
153,2.7396205561235547,2.7367837699130177,0.0028367869686007907,5e-07
154,2.7391778021119535,2.7363653513602912,0.0028124496875534533,5e-07
155,2.724142001476139,2.721326697152108,0.0028152999489066133,5e-07
156,2.7285146336071193,2.725700610782951,0.002814017787386547,5e-07
157,2.7288115969859064,2.7259770878590643,0.0028345088671812846,5e-07
158,2.7240351205691695,2.7212028801441193,0.0028322412917987094,5e-07
159,2.7507499111816287,2.747934193816036,0.0028157188930890698,5e-07
160,2.7173417657613754,2.714509080629796,0.0028326841829766636,5e-07
161,2.719897087663412,2.7170661482959986,0.0028309368876762164,5e-07
162,2.717178219463676,2.7143425825051963,0.0028356355292089575,5e-07
163,2.7214795206673443,2.718650619033724,0.0028289025208323437,5e-07
164,2.7077422691509128,2.704907483421266,0.0028347831153041625,5e-07
165,2.701911849435419,2.6990666119381785,0.0028452386618482706,5e-07
166,2.723335991613567,2.720491506624967,0.002844484280103643,5e-07
167,2.7154376818798482,2.712594694457948,0.002842989674263663,5e-07
168,2.709665066562593,2.7068392653018236,0.0028258007987460587,5e-07
169,2.734277202747762,2.7314535612240434,0.0028236448147254123,5e-07
170,2.699315181467682,2.696479103527963,0.0028360762976262777,5e-07
171,2.711521617602557,2.7086923751048744,0.002829239583661547,5e-07
172,2.706998212262988,2.7041677976958454,0.0028304130514698045,5e-07
173,2.7328533194959164,2.7300339634530246,0.0028193547918817785,5e-07
174,2.710688704624772,2.707825666759163,0.002863037025235826,5e-07
175,2.72099715936929,2.718128276988864,0.0028688824313576333,5e-07
176,2.717501821462065,2.714626314584166,0.0028755085891134513,5e-07
177,2.701512291561812,2.6986301257275045,0.002882163700178353,5e-07
178,2.711894729640335,2.7090280149132013,0.002866715724394453,5e-07
179,2.708111548796296,2.705262564122677,0.0028489857290878717,5e-07
180,2.705353058874607,2.702518673148006,0.002834387748862355,5e-07
181,2.720635695848614,2.717787029221654,0.002848668864771753,5e-07
182,2.703177467919886,2.700298599898815,0.0028788680929210386,5e-07
183,2.7079840409569442,2.7051253993995488,0.0028586445150722284,5e-07
184,2.6912995260208845,2.6884113498963416,0.0028881752741654054,5e-07
185,2.69864999409765,2.6957828076556325,0.0028671876034422894,5e-07
186,2.7128683128394186,2.7100242194719613,0.0028440934588616074,5e-07
187,2.688213794492185,2.685338052920997,0.002875743623917515,5e-07
188,2.7046488476917148,2.7017418309114873,0.002907016903463955,5e-07
189,2.6960203954949975,2.6931368419900537,0.0028835531434197037,5e-07
190,2.6954803029075265,2.6926366621628404,0.002843644048425631,5e-07
191,2.7640562164597213,2.76122708292678,0.0028291300145610876,5e-07
192,2.6902252212166786,2.6873766095377505,0.00284860887859395,5e-07
193,2.693108282983303,2.6902651032432914,0.002843180540821777,5e-07
194,2.6998227168805897,2.696933565661311,0.002889148040139844,5e-07
195,2.705878466833383,2.7030298453755677,0.002848626447303104,5e-07
196,2.7011633622460067,2.6983144991099834,0.002848862900009408,5e-07
197,2.688021413050592,2.6851239167153835,0.002897491888688819,5e-07
198,2.688432131893933,2.685568895190954,0.0028632315325012314,5e-07
199,2.6762991729192436,2.6734588728286326,0.0028402996140357573,5e-07
200,2.67454726761207,2.6716690720058978,0.0028782027520719566,5e-07
201,2.6852810527198017,2.682376784738153,0.0029042689229754615,5e-07
202,2.689771488774568,2.686899619642645,0.0028718677262986603,5e-07
203,2.696160674095154,2.6932416977360845,0.002918973732903396,5e-07
204,2.690733060706407,2.6878218883648515,0.0029111716330589843,5e-07
205,2.6792789590545,2.676370252855122,0.0029087049915688112,5e-07
206,2.683454047422856,2.680573283229023,0.0028807666099055496,5e-07
207,2.6744988816790283,2.671576924622059,0.0029219605762591527,5e-07
208,2.687930755317211,2.6850209468975663,0.0029098071649968915,5e-07
209,2.6999671701341867,2.697032996453345,0.0029341702847887063,5e-07
210,2.6771058994345367,2.6741679487749934,0.0029379553075159492,5e-07
211,2.6865769010037184,2.683632248081267,0.00294465525121268,5e-07
212,2.677246497012675,2.6743033439852297,0.0029431492234834877,5e-07
213,2.6678415276110172,2.6649153027683496,0.0029262226871651364,5e-07
214,2.6677392260171473,2.6648052781820297,0.0029339481811803125,5e-07
215,2.6814994416199625,2.6786112091504037,0.0028882396591143333,5e-07
216,2.666900258511305,2.663978297263384,0.0029219619909781613,5e-07
217,2.6629281397908926,2.660005826037377,0.0029223144556453917,5e-07
218,2.665040256921202,2.6621156171895564,0.002924641529261862,5e-07
219,2.6669195885770023,2.664017555769533,0.002902036816067266,5e-07
220,2.6612345669418573,2.6583075136877596,0.0029270512081893685,5e-07
221,2.654837497510016,2.65191645687446,0.0029210394768597325,5e-07
222,2.663924604188651,2.660980289336294,0.0029443146459016134,5e-07
223,2.6788145937025547,2.6758682248182595,0.002946366344986018,5e-07
224,2.6624860796146095,2.6595482998527586,0.0029377748169281404,5e-07
225,2.700936818961054,2.6980546773411334,0.002882140917790821,5e-07
226,2.6689523877575994,2.6660388470627367,0.0029135337799743866,5e-07
227,2.653078554663807,2.6501633035950363,0.002915249496254546,5e-07
228,2.6518179117701948,2.64887527981773,0.002942632033409609,5e-07
229,2.652878033928573,2.6499405414797366,0.0029374938076216495,5e-07
230,2.66533718816936,2.662431212607771,0.002905973094584624,5e-07
231,2.6672655353322625,2.6643730024807155,0.002892535373575811,5e-07
232,2.650004713330418,2.647090737707913,0.002913972215992544,5e-07
233,2.6661339551210403,2.6631755689159036,0.0029583856266981456,5e-07
234,2.6756785926409066,2.672716302331537,0.002962286557249172,5e-07
235,2.64600796950981,2.6430501607246697,0.0029578088037851558,5e-07
236,2.648684549611062,2.645720984786749,0.0029635627911375195,5e-07
237,2.634961810428649,2.631993977818638,0.0029678334472009738,5e-07
238,2.63718612678349,2.6342315627261996,0.0029545657102971745,5e-07
239,2.6387601364403963,2.6357945604249835,0.0029655759985871555,5e-07
240,2.681979977991432,2.679077128879726,0.0029028493245277787,5e-07
241,2.6665290975943208,2.663599172141403,0.002929934518306254,5e-07
242,2.6589574408717453,2.6560141453519464,0.002943293675343739,5e-07
243,2.63762193871662,2.6346611422486603,0.0029607981591652788,5e-07
244,2.711083219386637,2.7081186892464757,0.0029645299782714574,5e-07
245,2.690871261060238,2.687925706151873,0.0029455544422489766,5e-07
246,2.6988676670007408,2.6958929309621453,0.0029747375037914026,5e-07
247,2.660326747689396,2.6573741119354963,0.002952635641577217,5e-07
248,2.6436636899597943,2.640700093936175,0.0029635937239618215,5e-07
249,2.6377711412496865,2.634808931965381,0.0029622097222272714,5e-07
250,2.6571590709500015,2.6541914334520698,0.002967635234199406,5e-07
251,2.643736629281193,2.6407521083019674,0.002984527174703544,5e-07
252,2.6816489645279944,2.67869932949543,0.002949634237211285,5e-07
253,2.660423426888883,2.657459168229252,0.002964259907912492,5e-07
254,2.6588820992037654,2.655956312548369,0.0029257882451929618,5e-07
255,2.6468433518894017,2.643870112951845,0.0029732426892223884,5e-07
256,2.659681576769799,2.656720105558634,0.0029614703034894774,5e-07
257,2.6361309592612088,2.6331423833034933,0.0029885789481340908,5e-07
258,2.661976837553084,2.6589988069608808,0.002978026685923396,5e-07
259,2.639223257545382,2.636246216483414,0.002977043027840409,5e-07
260,2.625933459959924,2.622977186460048,0.002956273142444843,5e-07
261,2.6506828158162534,2.647740375250578,0.0029424420786199335,5e-07
262,2.6250723307020962,2.622107418254018,0.0029649114808307786,5e-07
263,2.633839794434607,2.630872291047126,0.0029675058462999004,5e-07
264,2.6650606328621507,2.662156146019697,0.002904480207234883,5e-07
265,2.6201441902667284,2.617177079897374,0.0029671101128769806,5e-07
266,2.6621231148019433,2.659176128450781,0.0029469874039023125,5e-07
267,2.6923715542070568,2.6894928496330976,0.002878705177863594,5e-07
268,2.623405336868018,2.620473835617304,0.002931500972408685,5e-07
269,2.6416846057400107,2.6387534392997622,0.0029311674979908275,5e-07
270,2.6407097317278385,2.637749475892633,0.002960259203064197,5e-07
271,2.6514125801622868,2.6484350436367095,0.002977539334096946,5e-07
272,2.6315550445578992,2.628581534139812,0.0029735099324170733,5e-07
273,2.631398937664926,2.6284128930419683,0.0029860438116884325,5e-07
274,2.624613286461681,2.621618704870343,0.0029945864052933757,5e-07
275,2.6371840382926166,2.6342090144753456,0.002975025009163801,5e-07
276,2.6655230070464313,2.662591267377138,0.0029317391617951216,5e-07
277,2.678214854095131,2.6752405068837106,0.00297434470621738,5e-07
278,2.641901783645153,2.638916286174208,0.002985496747896832,5e-07
279,2.634888593573123,2.6318887127563357,0.0029998786912983633,5e-07
280,2.6326390942558646,2.6296756830997765,0.0029634112902385823,5e-07
281,2.6809230241924524,2.6780306030996144,0.002892423179673642,5e-07
282,2.622335241176188,2.6193894310854375,0.0029458143176270823,5e-07
283,2.6238261996768415,2.620865846518427,0.002960352168429381,5e-07
284,2.651355289388448,2.648408866021782,0.0029464259964697703,5e-07
285,2.6315849367529154,2.6286448356695473,0.002940098600447527,5e-07
286,2.7011907771229744,2.698279893025756,0.002910882474225218,5e-07
287,2.8266449836082757,2.823734543286264,0.00291044141704333,5e-07
288,2.868797667324543,2.865881202276796,0.0029164657835281105,5e-07
289,2.8447532979771495,2.841837598476559,0.0029156979835534003,5e-07
290,2.8473730077967048,2.84446096746251,0.0029120388812771125,5e-07
291,2.8450168585404754,2.842110885772854,0.00290597408229587,5e-07
292,2.8338690418750048,2.8309657042846084,0.002903336839608528,5e-07
293,2.8219887856394053,2.8191074933856726,0.0028812917603318056,5e-07
294,2.8156164921820164,2.812720626126975,0.002895869638905424,5e-07
295,2.810043168719858,2.8071499140933156,0.002893251533350849,5e-07
296,2.8084658407606184,2.8055756320245564,0.002890208737426292,5e-07
297,2.8151807840913534,2.8122955202125013,0.002885265496388456,5e-07
298,2.8009341661818326,2.7980420808307827,0.0028920840709361073,5e-07
299,2.7940428419969976,2.7911457014270127,0.0028971431111131096,5e-07
300,2.8957554074004292,2.8929222505539656,0.0028331589915069344,5e-07
301,2.7313153739087284,2.7284635193645954,0.0028518516764961532,5e-07
302,2.6823368230834603,2.6794174006208777,0.0029194219805503963,5e-07
303,2.821855270303786,2.8190055917948484,0.0028496755380729155,5e-07
304,2.803986527957022,2.801135801244527,0.0028507268812063558,5e-07
305,2.809862398542464,2.807028690818697,0.002833705204011494,5e-07
306,2.795887908898294,2.7930719824507833,0.002815926668517932,5e-07
307,2.7813556981272995,2.7784870262257755,0.0028686718674180156,5e-07
308,2.7717740978114307,2.768897194415331,0.0028769040154656977,5e-07
309,2.750988233834505,2.7480895440094173,0.0028986879506192054,5e-07
310,2.7325517111457884,2.7296581086702645,0.002893602653330163,5e-07
311,2.7503006514161825,2.7474285317584872,0.0028721161584144284,5e-07
312,2.737154502887279,2.7342490907758474,0.0029054099359200336,5e-07
313,2.7131657521240413,2.710257346276194,0.0029084028965371544,5e-07
314,2.8326570163480937,2.829773824196309,0.002883190796637791,5e-07
315,2.7805100879631937,2.7776400949805975,0.0028699909316856065,5e-07
316,2.8428458417765796,2.839995759539306,0.0028500791295300587,5e-07
317,2.80326969595626,2.800404002889991,0.0028656957620114554,5e-07
318,2.8193332757800817,2.8164435899816453,0.0028896843236907443,5e-07
319,2.77838370623067,2.7754708426073194,0.0029128624282748206,5e-07
320,2.7757712388411164,2.7728489148430526,0.0029223226524663914,5e-07
321,2.758452707901597,2.7555390861816704,0.0029136225671209104,5e-07
322,2.758219126611948,2.755311953369528,0.002907171344759263,5e-07
323,2.782985234633088,2.7801523860543966,0.0028328478283583536,5e-07
324,2.905671626329422,2.9028398017399013,0.0028318224844952056,5e-07
325,2.8470809371210635,2.844236905220896,0.0028440340056477,5e-07
326,2.8373987982049584,2.8345545828342438,0.0028442262014323205,5e-07
327,2.8327158680185676,2.829878080636263,0.002837788176293543,5e-07
328,2.811455458868295,2.808622708544135,0.0028327506970526883,5e-07
329,2.816534083802253,2.813709070906043,0.0028250170953469933,5e-07
330,2.8080061092041433,2.805160855874419,0.0028452561373342178,5e-07
331,2.8381255017593503,2.835263868793845,0.0028616332651836274,5e-07
332,2.802736099809408,2.7998747127130628,0.002861384528387134,5e-07
333,2.7834631288424134,2.780608192551881,0.0028549361309160304,5e-07
334,2.78093490190804,2.77807841822505,0.002856489015812258,5e-07
335,2.798160380218178,2.7953077210113406,0.002852661610177165,5e-07
336,2.774469924159348,2.7716170055791736,0.0028529186597552325,5e-07
337,2.7803893606178463,2.7775263930670917,0.0028629663702304242,5e-07
338,2.7942981217056513,2.791452801786363,0.0028453143531805836,5e-07
339,2.77643588418141,2.7735844925045967,0.002851394141998753,5e-07
340,2.764968727249652,2.762121169362217,0.0028475552048803365,5e-07
341,2.7542022955603898,2.7513446076773107,0.0028576885629263415,5e-07
342,2.7483447096310556,2.745506992097944,0.0028377184785313148,5e-07
343,2.747519011143595,2.744674775749445,0.002844237296812935,5e-07
344,2.818846641574055,2.816067196428776,0.0027794459010692663,5e-07
345,2.734691809862852,2.7318556923419237,0.0028361156337268767,5e-07
346,2.7254478172399104,2.7225979096256196,0.0028499097397798323,5e-07
347,2.7206367505714297,2.7177915554493666,0.002845198029262974,5e-07
348,2.720079454127699,2.7172444900497794,0.002834963422628789,5e-07
349,2.7318064547143877,2.7289931550621986,0.0028132947704762046,5e-07
350,2.718680697493255,2.7158508631400764,0.0028298344568611355,5e-07
351,2.7071652351878583,2.704317511059344,0.002847725710580562,5e-07
352,2.7112483899109066,2.7083964771591127,0.0028519153661363816,5e-07
353,2.707137974910438,2.7042826050892472,0.0028553635261232557,5e-07
354,2.739689029753208,2.7367811775766313,0.0029078517795824155,5e-07
355,2.726484884042293,2.723553146235645,0.002931737274138868,5e-07
356,2.7288891873322427,2.7259811856783926,0.0029080021595291328,5e-07
357,2.7107242573983967,2.7078229393810034,0.002901322237448767,5e-07
358,2.7419316302984953,2.7390405847691,0.0028910479422847857,5e-07
359,2.752212505787611,2.7493526353500783,0.0028598654394045298,5e-07
360,2.706399170216173,2.7035486232489347,0.002850543207841838,5e-07
361,2.715426520910114,2.712552928365767,0.0028735927630805236,5e-07
362,2.699494822882116,2.696592035703361,0.002902787844504928,5e-07
363,2.7021083533763885,2.6991776791401207,0.0029306718220141192,5e-07
364,2.688198071438819,2.685279789380729,0.002918281799338729,5e-07
365,2.6802421086467803,2.677320237737149,0.0029218763193057384,5e-07
366,2.6885545095428824,2.685651066247374,0.002903443444211007,5e-07
367,2.689400593750179,2.6864572600461543,0.0029433374561449455,5e-07
368,2.699797874316573,2.696875092573464,0.0029227828954390134,5e-07
369,2.7072182414121926,2.7042781012132764,0.002940138595931785,5e-07
370,2.6962723629549146,2.693346553016454,0.002925806924849894,5e-07
371,2.674462905153632,2.671526832971722,0.0029360750177147565,5e-07
372,2.686011202633381,2.683064242824912,0.0029469610472006025,5e-07
373,2.676752031315118,2.6738115083426237,0.002940525133453775,5e-07
374,2.6792336963117123,2.6763132228516042,0.0029204690040387504,5e-07
375,2.7089524986222386,2.7060604258440435,0.0028920694521730184,5e-07
376,2.6627410710789263,2.659852277021855,0.0028887953344565176,5e-07
377,2.6669662068597972,2.6640771692618728,0.002889039289129869,5e-07
378,2.7045439230278134,2.7016448192298412,0.0028991071148993797,5e-07
379,2.681605312973261,2.6786970933899283,0.0029082166151965794,5e-07
380,2.663506747223437,2.6605838001705706,0.00292294500331991,5e-07
381,2.6716085425578058,2.668694155290723,0.0029143913502593932,5e-07
382,2.66156935505569,2.658645496238023,0.0029238598212941724,5e-07
383,2.667003472801298,2.664083689916879,0.0029197768180893036,5e-07
384,2.653996026609093,2.6510903825983405,0.0029056369539830484,5e-07
385,2.6667596707120538,2.6638703672215343,0.0028893054341097013,5e-07
386,2.72362376563251,2.720757691655308,0.002866071046810248,5e-07
387,2.723399839363992,2.7205259590409696,0.0028738791065734404,5e-07
388,2.7158267544582486,2.7129380917176604,0.002888661939323356,5e-07
389,2.738367339130491,2.7354905153624713,0.0028768267607119924,5e-07
390,2.704664947465062,2.701796998269856,0.0028679499823738297,5e-07
391,2.7072709701023996,2.7043806039728224,0.0028903660781907092,5e-07
392,2.7314103161916137,2.728511177469045,0.0028991368267270445,5e-07
393,2.730145202949643,2.7272482505068183,0.0028969558243261417,5e-07
394,2.784982762299478,2.782146047335118,0.0028367194045131328,5e-07
395,2.7330660317093134,2.730215891264379,0.002850138174380845,5e-07
396,2.7406168808229268,2.7377376770600677,0.002879203844258882,5e-07
397,2.734796944539994,2.731937340926379,0.0028595994504030386,5e-07
398,2.7104071034118533,2.7075316258706152,0.0028754770073646796,5e-07
399,2.719850744586438,2.7169889439828694,0.002861799538095511,5e-07
400,2.6734132119454443,2.67057475913316,0.0028384465076669585,5e-07
401,2.6751655391417444,2.672289869748056,0.0028756719962075294,5e-07
402,2.678316439501941,2.6754600279964507,0.0028564056233335577,5e-07
403,2.68444509152323,2.6815577005036175,0.0028873869223389192,5e-07
404,2.658105388749391,2.6551948147825897,0.002910574387442466,5e-07
405,2.6452005584724247,2.6422752421349287,0.002925316027358349,5e-07
406,2.6433795066550374,2.6404437753371894,0.0029357317343965406,5e-07
407,2.646622221916914,2.643680547364056,0.002941678859770036,5e-07
408,2.6409578071907163,2.6380092818289995,0.002948525389911083,5e-07
409,2.682353528216481,2.679477632045746,0.0028759003530467453,5e-07
410,2.704446878284216,2.70155430957675,0.0028925755837008182,5e-07
411,2.7185675990767777,2.7156820753589272,0.0028855271339125466,5e-07
412,2.6887223194353282,2.6858612466603518,0.002861075897271803,5e-07
413,2.683730700518936,2.6808498790487647,0.0028808282477257308,5e-07
414,2.6677356376312673,2.6648724991828203,0.002863135117877391,5e-07
415,2.6992542231455445,2.696419147308916,0.002835076981682505,5e-07
416,2.676612664014101,2.6737489849328995,0.0028636745855692425,5e-07
417,2.6893841265700758,2.686517091933638,0.002867033286293008,5e-07
418,2.6622674632817507,2.659383590798825,0.002883878653847205,5e-07
419,2.6589796231128275,2.6560728144831955,0.00290680746684302,5e-07
420,2.651559665799141,2.648650831077248,0.002908830784690508,5e-07
421,2.6560041988268495,2.6531176869757473,0.002886511423639604,5e-07
422,2.728735044132918,2.725835423450917,0.0028996198611821455,5e-07
423,2.8116068434901536,2.808700191322714,0.002906654709477152,5e-07
424,2.699000864289701,2.6961504449136555,0.0028504159467956924,5e-07
425,2.6874841190874577,2.684642352629453,0.0028417637186066713,5e-07
426,2.7626638477668166,2.759787785820663,0.0028760604841409076,5e-07
427,2.7121511860750616,2.709288664162159,0.0028625249606193393,5e-07
428,2.7122896276414394,2.7094381055794656,0.0028515199164758087,5e-07
429,2.6546860965900123,2.6518298583105206,0.002856237644209614,5e-07
430,2.65054985973984,2.6476823766715825,0.002867482777674013,5e-07
431,2.6614443892613053,2.658585133962333,0.0028592551184374315,5e-07
432,2.7299803025089204,2.727105690166354,0.002874610592243698,5e-07
433,2.7224297458305955,2.7195445210672915,0.002885227405840851,5e-07
434,2.699626937508583,2.6967399730347097,0.0028869615925941616,5e-07
435,2.7020800029858947,2.6991926534101367,0.00288735169579013,5e-07
436,2.6857126746326685,2.682823167182505,0.002889506001793052,5e-07
437,2.70787049876526,2.7049672035500407,0.0029033003297627147,5e-07
438,2.7531065540388227,2.7502337475307286,0.002872810568078421,5e-07
439,2.730192493647337,2.727306973654777,0.0028855199875579274,5e-07
440,2.6822168338112533,2.6793329874053597,0.0028838449557042622,5e-07
441,2.7075855284929276,2.7046753438189626,0.0029101906152391166,5e-07
442,2.6906132558360696,2.687725083902478,0.00288816916054202,5e-07
443,2.665003079455346,2.6620964612811804,0.002906619025452528,5e-07
444,2.683827493339777,2.680928968358785,0.002898530419315648,5e-07
445,2.666717428714037,2.663806871045381,0.0029105564199198852,5e-07
446,2.664754865691066,2.661886210553348,0.0028686569075944135,5e-07
447,2.6442164685577154,2.6412838893011212,0.0029325789355425513,5e-07
448,2.637152402661741,2.634237989783287,0.0029144150662432367,5e-07
449,2.635088319890201,2.632193060591817,0.0028952633392691496,5e-07
450,2.6575994128361344,2.654687089845538,0.002912325816396333,5e-07
451,2.6397398179396987,2.6368130282498896,0.002926790131823509,5e-07
452,2.628481402527541,2.6255630417726934,0.0029183650731283706,5e-07
453,2.669551820959896,2.666605470236391,0.002946349690319039,5e-07
454,2.6534331729635596,2.6505702827125788,0.0028628913755710528,5e-07
455,2.616138931363821,2.6132264835759997,0.002912448847837368,5e-07
456,2.6265723132528365,2.6236267974600196,0.002945510464542167,5e-07
457,2.6288413433358073,2.6259156642481685,0.002925680377302342,5e-07
458,2.6367335440590978,2.6337976027280092,0.0029359407444644603,5e-07
459,2.634174876380712,2.631274915765971,0.0028999591022511595,5e-07
460,2.6282332921400666,2.625284681096673,0.0029486109442586894,5e-07
461,2.6071628988720477,2.604244827758521,0.002918069626957731,5e-07
462,2.6134889274835587,2.610566331539303,0.0029225897715150495,5e-07
463,2.6341576324775815,2.6311945049092174,0.002963119210107834,5e-07
464,2.619025890249759,2.616052357945591,0.0029735352809439064,5e-07
465,2.597018447238952,2.5940563064068556,0.0029621389276144328,5e-07
466,2.640033309813589,2.6370704383589327,0.0029628690226672916,5e-07
467,2.613493710756302,2.610527919139713,0.002965791067254031,5e-07
468,2.6194785120896995,2.6165290735661983,0.002949438324321818,5e-07
469,2.6321097086183727,2.6291533713229,0.0029563356629296322,5e-07
470,2.601997007150203,2.5990539486519992,0.0029430572622004547,5e-07
471,2.614563607610762,2.611607530619949,0.0029560760717686207,5e-07
472,2.604343806859106,2.601398655679077,0.002945149814877368,5e-07
473,2.5821562302298844,2.579192145727575,0.0029640873804055445,5e-07
474,2.6062298379838467,2.603264826349914,0.0029650154970113363,5e-07
475,2.59133023628965,2.588365380652249,0.0029648573117810884,5e-07
476,2.582192518748343,2.57922517741099,0.0029673424469365273,5e-07
477,2.5818464015610516,2.578872704412788,0.002973696568460582,5e-07
478,2.6491228961385787,2.6461780490353703,0.00294485370068287,5e-07
479,2.5861920095048845,2.583213394973427,0.0029786097065880313,5e-07
480,2.5837319046258926,2.5807183175347745,0.003013590899627161,5e-07
481,2.5861114654690027,2.583128214813769,0.0029832498689756903,5e-07
482,2.5754106896929443,2.572428487241268,0.002982208373850881,5e-07
483,2.580380887724459,2.577412268612534,0.0029686128132198064,5e-07
484,2.5721544730477035,2.5692042247392237,0.002950247085209412,5e-07
485,2.572563884779811,2.569580834824592,0.002983046940244094,5e-07
486,2.5840136096812785,2.5810274370014668,0.002986175558362447,5e-07
487,2.589010809082538,2.586040195543319,0.002970614323658083,5e-07
488,2.594976196065545,2.591969291679561,0.0030069014524087834,5e-07
489,2.605210011359304,2.6022323579527438,0.002977652495701477,5e-07
490,2.581170210149139,2.578199411742389,0.0029707949497606023,5e-07
491,2.5771299796178937,2.5741597581654787,0.0029702206984438817,5e-07
492,2.5771917453967035,2.574218913447112,0.002972828291603946,5e-07
493,2.5810713758692145,2.5780902919359505,0.002981083655868133,5e-07
494,2.5583139308728278,2.555347865447402,0.002966067283978191,5e-07
495,2.5747012961655855,2.571770600043237,0.0029306994592843694,5e-07
496,2.6466795839369297,2.6436714730225503,0.0030081075733505713,5e-07
497,2.5899302270263433,2.586933839134872,0.0029963855072310253,5e-07
498,2.651511524338275,2.6485349875874817,0.002976531467083987,5e-07
499,2.596925610676408,2.593957334756851,0.0029682792833227722,5e-07
500,2.584823803976178,2.5818485394120216,0.002975263672396977,5e-07
501,2.5996038261801004,2.5966086559928954,0.0029951772808090027,5e-07
502,2.61392770614475,2.610958219040185,0.0029694867107536993,5e-07
503,2.5952656087465584,2.5923069738782942,0.002958636385301361,5e-07
504,2.6911894571967423,2.688282459974289,0.0029070037735436927,5e-07
505,2.6321397167630494,2.6291569280438125,0.0029827886110069812,5e-07
506,2.6428138026967645,2.639798378571868,0.003015423797933181,5e-07
507,2.598088755272329,2.595097619574517,0.002991136462696886,5e-07
508,2.6037761103361845,2.6008095019496977,0.0029666092050320003,5e-07
509,2.5748809003271163,2.5718688862398267,0.003012015161857562,5e-07
510,2.5941808042116463,2.591152817476541,0.0030279883767434512,5e-07
511,2.6506142802536488,2.6476409351453185,0.0029733459659837536,5e-07
512,2.648813317529857,2.6458856859244406,0.0029276320165081415,5e-07
513,2.6373535227030516,2.6344381039962173,0.0029154170015317504,5e-07
514,2.7068994054570794,2.703989759553224,0.002909650790570595,5e-07
515,2.6369861965067685,2.634028559550643,0.002957635811981163,5e-07
516,2.610488807782531,2.607537596486509,0.002951212559310079,5e-07
517,2.582712343428284,2.57975389668718,0.0029584480530502333,5e-07
518,2.5661676852032542,2.563182852230966,0.0029848326116734825,5e-07
519,2.5662086117081344,2.5632156473584473,0.0029929672841717547,5e-07
520,2.5719700646586716,2.5689922855235636,0.0029777779964206275,5e-07
521,2.5711131347343326,2.5681437896564603,0.0029693429432882112,5e-07
522,2.686118384823203,2.683202710468322,0.002915674572250282,5e-07
523,2.631904293783009,2.6289256173186004,0.002978674881887855,5e-07
524,2.6278731701895595,2.624927261378616,0.002945904167063418,5e-07
525,2.570651554968208,2.5676566706970334,0.0029948843443889928,5e-07
526,2.6286414843052626,2.625694451853633,0.0029470356353158422,5e-07
527,2.627616703044623,2.6246198369190097,0.0029968650987939327,5e-07
528,2.621810312382877,2.61879961239174,0.003010699220794777,5e-07
529,2.6757030747830868,2.6726793316192925,0.0030237424880397157,5e-07
530,2.6626024302095175,2.65959036629647,0.0030120607184471737,5e-07
531,2.6692785024642944,2.6662159198895097,0.003062580921323388,5e-07
532,2.6362638566643,2.6332689877599478,0.00299486714447994,5e-07
533,2.6333927158266306,2.63039928721264,0.0029934277422398736,5e-07
534,2.64092758577317,2.637909123208374,0.003018460889961716,5e-07
535,2.645631294697523,2.642630629707128,0.003000665285071591,5e-07
536,2.6041707289405167,2.6011846531182528,0.0029860746567464957,5e-07
537,2.635734446812421,2.632731599267572,0.0030028509427211247,5e-07
538,2.6899002846330404,2.6869946108199656,0.002905670430209284,5e-07
539,2.6437150058336556,2.6407809681259096,0.0029340334408516355,5e-07
540,2.665194640401751,2.6622913954779506,0.0029032478378212545,5e-07
541,2.6921508172526956,2.6892759422771633,0.00287487666355446,5e-07
542,2.668812791351229,2.665910828858614,0.002901966753142915,5e-07
543,2.6578631582669914,2.654970977921039,0.0028921758848809986,5e-07
544,2.6433046399615705,2.64041732205078,0.0028873154410575808,5e-07
545,2.661831481382251,2.658939517568797,0.002891964929858659,5e-07
546,2.66425794782117,2.6613881425000727,0.0028698079368041363,5e-07
547,2.670847558416426,2.667904476635158,0.0029430809686346038,5e-07
548,2.639430929441005,2.6365030631422997,0.0029278695319590042,5e-07
549,2.6205976335331798,2.617669431027025,0.0029282029595378845,5e-07
550,2.645998611114919,2.6430802666582167,0.002918347656759579,5e-07
551,2.6795951439999044,2.6767191984690726,0.002875945751384279,5e-07
552,2.6915849056094885,2.688715004362166,0.002869900991299801,5e-07
553,2.668653706088662,2.6657701176591218,0.0028835885759690427,5e-07
554,2.674410192295909,2.671484769321978,0.0029254260762172635,5e-07
555,2.668533290270716,2.66562331141904,0.002909972391989868,5e-07
556,2.677889314945787,2.67499117879197,0.002898136792737205,5e-07
557,2.6902609020471573,2.6874038805253804,0.0028570214890351053,5e-07
558,2.67287659086287,2.6699801501818,0.0028964381945115747,5e-07
559,2.6940873856656253,2.6911378037184477,0.002949581220491382,5e-07
560,2.6605748869478703,2.657664007972926,0.0029108819499015226,5e-07
561,2.6879289699718356,2.684968383051455,0.0029605873019136197,5e-07
562,2.7131843813695014,2.710221874527633,0.0029625074362229498,5e-07
563,2.6957782059907913,2.6928081158548594,0.0029700897948714555,5e-07
564,2.6817893106490374,2.678810530807823,0.0029787801004204084,5e-07
565,2.728821402415633,2.7258310890756547,0.002990310521909123,5e-07
566,2.686433316208422,2.6834699464961886,0.0029633709009431186,5e-07
567,2.70126636326313,2.6983205690048635,0.002945793924482132,5e-07
568,2.671754704788327,2.6687952778302133,0.002959425832159468,5e-07
569,2.685511357150972,2.6825771452859044,0.0029342171778807824,5e-07
570,2.6679822425357997,2.665049390401691,0.0029328509040169592,5e-07
571,2.6394998598843813,2.63656400796026,0.002935850984613353,5e-07
572,2.6690628807991743,2.66612437274307,0.002938507755061437,5e-07
573,2.6684695156291127,2.665528118144721,0.0029413948777801124,5e-07
574,2.656742078717798,2.6537633766420186,0.0029787008234052337,5e-07
575,2.637170591391623,2.634203838184476,0.0029667566232092213,5e-07
576,2.634914612863213,2.6319397925399244,0.0029748231518169632,5e-07
577,2.678773298393935,2.6758134476840496,0.0029598474056911073,5e-07
578,2.671324427239597,2.6683612503111362,0.002963174963952042,5e-07
579,2.6556253423914313,2.6526742186397314,0.002951123642105813,5e-07
580,2.642385276965797,2.639445597305894,0.0029396831205303897,5e-07
581,2.6111101917922497,2.608215092215687,0.00289510243010227,5e-07
582,2.6197329410351813,2.6168147935532033,0.002918148392382136,5e-07
583,2.6402814500033855,2.637349149212241,0.002932299908479763,5e-07
584,2.685052956920117,2.682161509525031,0.002891450009883556,5e-07
585,2.6626184447668493,2.659737936221063,0.002880510390696145,5e-07
586,2.6374804438091815,2.6345996353775263,0.002880813513911562,5e-07
587,2.6237588678486645,2.6208399422466755,0.0029189288375164324,5e-07
588,2.6180678317323327,2.615165796596557,0.0029020373713137815,5e-07
589,2.6079792701639235,2.6050835573114455,0.002895709915264888,5e-07
590,2.602726907003671,2.599805646110326,0.0029212603158157435,5e-07
591,2.6181417321786284,2.6151712592691183,0.0029704675930588564,5e-07
592,2.6134741324931383,2.610534057021141,0.002940069159194536,5e-07
593,2.6295749777927995,2.626624175347388,0.0029508027014344407,5e-07
594,2.6898133312352,2.686877289786935,0.0029360424869082635,5e-07
595,2.615530048497021,2.612577131949365,0.0029529183857448515,5e-07
596,2.6118414918892086,2.6088723898865283,0.0029690978162761894,5e-07
597,2.661886313930154,2.6588696260005236,0.0030166833494149614,5e-07
598,2.703958935569972,2.700956574175507,0.003002361253948038,5e-07
599,2.6733862413093448,2.6703963237814605,0.002989917239119677,5e-07
600,2.6640256447717547,2.661032415460795,0.0029932243896837463,5e-07
601,2.6375311128795147,2.634548611007631,0.002982497081575275,5e-07
602,2.6371331745758653,2.6341761546209455,0.002957021718884789,5e-07
603,2.652401160914451,2.6494243568740785,0.002976806970764301,5e-07
604,2.6500022942200303,2.6469992729835212,0.0030030231764612836,5e-07
605,2.634856307413429,2.631884355098009,0.002971947172227374,5e-07
606,2.6182370940223336,2.6152657833881676,0.002971316570892668,5e-07
607,2.6407371279783547,2.637776330113411,0.002960795698527363,5e-07
608,2.639440074097365,2.636472544167191,0.0029675283044525713,5e-07
609,2.6471176710911095,2.644184125121683,0.0029335506201277894,5e-07
610,2.6650199936702847,2.6620843447744846,0.002935647376034467,5e-07
611,2.658178732264787,2.655278405174613,0.0029003265012761403,5e-07
612,2.6750827278010547,2.672168763820082,0.0029139674875295896,5e-07
613,2.710509425960481,2.7075329362414777,0.002976491131903458,5e-07
614,2.644333182834089,2.6413602428510785,0.0029729421767115127,5e-07
615,2.633461137767881,2.630490680690855,0.0029704532921641658,5e-07
616,2.648175827227533,2.645203746855259,0.0029720840911977575,5e-07
617,2.6514849243685603,2.6485376432538033,0.0029472778596755234,5e-07
618,2.647525761742145,2.644602526910603,0.0029232366468932014,5e-07
619,2.633068651892245,2.63013864075765,0.002930014659796143,5e-07
620,2.6183517491444945,2.615397003479302,0.0029547412932515726,5e-07
621,2.6147280992008746,2.6117916968651116,0.0029364070633164374,5e-07
622,2.6999044376425445,2.6969170081429183,0.0029874320930503018,5e-07
623,2.6566662336699665,2.653690226841718,0.002976007052893692,5e-07
624,2.609998173546046,2.607018404174596,0.0029797678230352176,5e-07
625,2.5969724585302174,2.593999709468335,0.0029727513206125877,5e-07
626,2.5772348321042955,2.574279443360865,0.002955392491458042,5e-07
627,2.586164236534387,2.583156448788941,0.0030077876363066025,5e-07
628,2.575945120770484,2.572939026169479,0.0030060925037105335,5e-07
629,2.602062974590808,2.5990460724569857,0.0030169012920850946,5e-07
630,2.6258959472179413,2.62290250742808,0.0029934454973954416,5e-07
631,2.623126447200775,2.6201552865095437,0.002971157886349829,5e-07
632,2.597549468278885,2.5945989289321005,0.0029505361485462345,5e-07
633,2.6039516762830317,2.600988349877298,0.0029633282947543194,5e-07
634,2.5730981891974807,2.570122584234923,0.0029756074782198993,5e-07
635,2.5741424532607198,2.571154474746436,0.002987975622545491,5e-07
636,2.586004812270403,2.583005914930254,0.0029988952987878292,5e-07
637,2.5866337940096855,2.583690338768065,0.0029434524485623115,5e-07
638,2.6159203625284135,2.612932867370546,0.002987491854128166,5e-07
639,2.618510948959738,2.61550135537982,0.0030095934389464674,5e-07
640,2.6286512068472803,2.6256545344367623,0.0029966725824124296,5e-07
641,2.6274299062788486,2.6244635921902955,0.002966312471926358,5e-07
642,2.6081169666722417,2.6051706871949136,0.002946274178157182,5e-07
643,2.5899418061599135,2.5870018787682056,0.002939930818229186,5e-07
644,2.586351369973272,2.583391761407256,0.002959605476462457,5e-07
645,2.58457308402285,2.581554831471294,0.003018253284608363,5e-07
646,2.585384198464453,2.582402550149709,0.0029816442315677705,5e-07
647,2.577431555837393,2.57445588381961,0.0029756706826447044,5e-07
648,2.5653828172944486,2.562410933431238,0.0029718824926021625,5e-07
649,2.56814317824319,2.565166919492185,0.002976259851038776,5e-07
650,2.5670786444097757,2.5640868423506618,0.0029918005998297303,5e-07
651,2.580463858321309,2.5774411126039922,0.003022747088380129,5e-07
652,2.567501272074878,2.564501477405429,0.0029997983788234706,5e-07
653,2.5657112482003868,2.5627075941301882,0.0030036536977604555,5e-07
654,2.5733487415127456,2.5703589227050543,0.0029898243142270076,5e-07
655,2.5703076398931444,2.5673371981829405,0.00297044150693182,5e-07
656,2.5826866375282407,2.5797377321869135,0.002948904158984078,5e-07
657,2.560468625277281,2.5575508661568165,0.002917765943948325,5e-07
658,2.5671275733038783,2.5641603162512183,0.0029672554678654706,5e-07
659,2.5503436056897044,2.5474014752544463,0.0029421287445074995,5e-07
660,2.5395515165291727,2.5366185726597905,0.0029329392200452276,5e-07
661,2.535491452086717,2.5325387357734144,0.0029527164410865225,5e-07
662,2.539552692323923,2.5366046698763967,0.0029480294429049536,5e-07
663,2.561376702506095,2.558380486443639,0.002996217317559058,5e-07
664,2.569765331223607,2.5667707808315754,0.0029945504697934666,5e-07
665,2.580087774898857,2.5771028944291174,0.0029848791377844464,5e-07
666,2.5794810368679464,2.5765037457458675,0.0029772872367175296,5e-07
667,2.60283534694463,2.599883619695902,0.00295173053518738,5e-07
668,2.6245478871278465,2.6215742249041796,0.0029736575656897912,5e-07
669,2.6100045046769083,2.6069940384477377,0.0030104604161351745,5e-07
670,2.599510120693594,2.5965008912608027,0.003009230844781996,5e-07
671,2.5925780357792974,2.5895701167173684,0.0030079134348852676,5e-07
672,2.562916473019868,2.5598976025357842,0.0030188623786671087,5e-07
673,2.5619391496293247,2.5589325088076293,0.0030066369540691085,5e-07
674,2.5637953486293554,2.56078400881961,0.00301134051869667,5e-07
675,2.5693535460159183,2.5663468916900456,0.003006654564615019,5e-07
676,2.554073454346508,2.5510815735906363,0.002991885422034102,5e-07
677,2.5388696286827326,2.5358487321063876,0.0030208985522222065,5e-07
678,2.567260518204421,2.5642521870322526,0.003008325441442139,5e-07
679,2.5601350790821016,2.5571157061494887,0.0030193699940355145,5e-07
680,2.5777001241222024,2.5746750100515783,0.003025118587174802,5e-07
681,2.565525721758604,2.5625081015750766,0.003017619788806769,5e-07
682,2.5699688871391118,2.5669422722421587,0.0030266109165495436,5e-07
683,2.5620648567564785,2.5590229174122214,0.0030419389390772267,5e-07
684,2.5780039015226066,2.574952105525881,0.003051798745218548,5e-07
685,2.6278170002624393,2.6247749612666667,0.0030420382836382487,5e-07
686,2.617194289341569,2.614189299289137,0.0030049933207010326,5e-07
687,2.5952823953703046,2.592280086595565,0.0030023072372387105,5e-07
688,2.598243014421314,2.595221835654229,0.0030211789744498674,5e-07
689,2.6109390631318092,2.6079354523681104,0.003003613609052991,5e-07
690,2.5808688616380095,2.577857389114797,0.003011472472735477,5e-07
691,2.569164503365755,2.5661454894579947,0.0030190157112883753,5e-07
692,2.528304845560342,2.5252534025348723,0.0030514409149873245,5e-07
693,2.5490154111757874,2.5460262815468013,0.002989128848639666,5e-07
694,2.5378332412801683,2.5348671348765492,0.002966108498185349,5e-07
695,2.517914915457368,2.514889257028699,0.0030256587187977857,5e-07
696,2.522544250357896,2.5194912077859044,0.0030530434501088166,5e-07
697,2.522376397624612,2.5193295259959996,0.0030468701361314743,5e-07
698,2.521050359122455,2.5179896759800613,0.003060687019569741,5e-07
699,2.5166636928915977,2.513608107343316,0.003055583523291716,5e-07
700,2.5516034136526287,2.548532772809267,0.0030706385159646743,5e-07
701,2.543471298646182,2.5404475489631295,0.0030237563041737303,5e-07
702,2.528045902494341,2.525019736494869,0.0030261648125815555,5e-07
703,2.548867773730308,2.5458183572627604,0.0030494178758999624,5e-07
704,2.5501059093512595,2.5470695942640305,0.003036317481473816,5e-07
705,2.5405124174430966,2.537479398306459,0.0030330210029205773,5e-07
706,2.523807729128748,2.520764609798789,0.003043117288598296,5e-07
707,2.525679081212729,2.5226360205560923,0.0030430646952481766,5e-07
708,2.526471854187548,2.5233886539936066,0.003083199177581264,5e-07
709,2.529839383903891,2.5267789270728827,0.0030604618809775275,5e-07
710,2.5382850687019527,2.535211072769016,0.003073995339946123,5e-07
711,2.529752134811133,2.526714214589447,0.0030379223035197356,5e-07
712,2.5354285649955273,2.532367398031056,0.003061167457872216,5e-07
713,2.5531954537145793,2.550142074469477,0.0030533762160303013,5e-07
714,2.5534617393277586,2.550410437397659,0.003051303660868143,5e-07
715,2.5388824590481818,2.5358416894450784,0.0030407733165702666,5e-07
716,2.529153964947909,2.526107858400792,0.003046107748104987,5e-07
717,2.5216423640958965,2.518611510284245,0.0030308555287774652,5e-07
718,2.5392805081792176,2.536223282571882,0.0030572281084459973,5e-07
719,2.617994829080999,2.614970590453595,0.0030242397510846786,5e-07
720,2.535188065841794,2.532080519478768,0.0031075462061380676,5e-07
721,2.530587026383728,2.527530658058822,0.003056367446333752,5e-07
722,2.519848585128784,2.516791306436062,0.003057277874177089,5e-07
723,2.51900890795514,2.5159466001205146,0.003062304916056746,5e-07
724,2.5684146699495614,2.5654016323387623,0.003013040328369243,5e-07
725,2.5366495144553483,2.5335555127821863,0.0030940026804273657,5e-07
726,2.5765494857914746,2.573511960916221,0.0030375229448509344,5e-07
727,2.61557475104928,2.61260050162673,0.0029742518877355906,5e-07
728,2.608106931205839,2.6050841957330704,0.003022737962055544,5e-07
729,2.7105214735493064,2.7076020846143365,0.002919387973179255,5e-07
730,2.7178770545870066,2.7149227247573435,0.0029543293721872033,5e-07
731,2.7138159703463316,2.71082756575197,0.002988402976825455,5e-07
732,2.6717645414173603,2.6687139132991433,0.003050631463793252,5e-07
733,2.6387281543575227,2.635665303096175,0.0030628444642388786,5e-07
734,2.6435780031606555,2.6405537109822035,0.0030242950210777053,5e-07
735,2.577423071488738,2.574306309223175,0.003116763902198727,5e-07
736,2.5922488821670413,2.5891931229270995,0.0030557642921849038,5e-07
737,2.600064307451248,2.5971260387450457,0.002938275003543822,5e-07
738,2.6343581760302186,2.631401229184121,0.002956950906991551,5e-07
739,2.624048624653369,2.6210685814730823,0.0029800409242852766,5e-07
740,2.583778399042785,2.5808096369728446,0.0029687619457945402,5e-07
741,2.6056313822045922,2.602680031210184,0.0029513513882193365,5e-07
742,2.5596461757086217,2.556634845212102,0.003011332089499774,5e-07
743,2.535423658788204,2.53236594889313,0.0030577076449844753,5e-07
744,2.530971013009548,2.5279317046515644,0.0030393018391805526,5e-07
745,2.5569926570169628,2.5539027927443385,0.003089866922437068,5e-07
746,2.572052277158946,2.568927438929677,0.0031248375203176693,5e-07
747,2.54290542146191,2.5397978839464486,0.00310753778239814,5e-07
748,2.54030802519992,2.537234104704112,0.0030739168128093297,5e-07
749,2.568577571772039,2.5654568900354207,0.0031206813700919156,5e-07
750,2.586541074793786,2.583417208865285,0.003123866043097223,5e-07
751,2.5973316431045532,2.5942201116122305,0.003111529656507628,5e-07
752,2.5773737486451864,2.5742561193183064,0.0031176232178040664,5e-07
753,2.565575408283621,2.5624635466374457,0.0031118633623918868,5e-07
754,2.5758380773477256,2.5727289337664843,0.0031091446739992534,5e-07
755,2.564030851237476,2.5609407564625144,0.0030900935034878785,5e-07
756,2.555604314431548,2.552504764869809,0.0030995475458439614,5e-07
757,2.5450719837099314,2.541974258143455,0.0030977298433754186,5e-07
758,2.5435130414552987,2.5404045120812953,0.003108531347152166,5e-07
759,2.544112112838775,2.5410057036206126,0.0031064127297213417,5e-07
760,2.5563021558336914,2.553212886210531,0.0030892752820363967,5e-07
761,2.549839336425066,2.546744547318667,0.0030947900390856375,5e-07
762,2.5373199339956045,2.534217866137624,0.0031020669575809734,5e-07
763,2.559223210439086,2.5561256632208824,0.003097546907611104,5e-07
764,2.554970547091216,2.5518885161727667,0.0030820290003248374,5e-07
765,2.5389419146813452,2.5358562883920968,0.0030856231578582083,5e-07
766,2.5483792894519866,2.5452917483635247,0.00308753941408213,5e-07
767,2.547961029689759,2.544902707915753,0.00305832006597484,5e-07
768,2.5611501410603523,2.55810365639627,0.003046486427592754,5e-07
769,2.5898265186697245,2.586808081716299,0.003018437801529217,5e-07
770,2.5934780021198094,2.590480599552393,0.0029974002800372546,5e-07
771,2.5731875663623214,2.5701828422024846,0.0030047295153963205,5e-07
772,2.6309204972349107,2.6279517742805183,0.002968723049889377,5e-07
773,2.6586773614399135,2.655708743724972,0.002968613454413571,5e-07
774,2.6383698522113264,2.6353756873868406,0.002994164297433599,5e-07
775,2.630751100834459,2.627776078414172,0.002975020855501498,5e-07
776,2.6429627500474453,2.6399832516908646,0.0029794975598633755,5e-07
777,2.662046800367534,2.6590573182329535,0.0029894794511164946,5e-07
778,2.649622030556202,2.646642009727657,0.002980021094572294,5e-07
779,2.6423608222976327,2.6393900928087533,0.002970732504309126,5e-07
780,2.6362191014923155,2.633251548279077,0.0029675544283236377,5e-07
781,2.631701658014208,2.628704828210175,0.0029968339340484818,5e-07
782,2.6250106622464955,2.622027405537665,0.0029832551635990967,5e-07
783,2.6172913745976985,2.6143158711493015,0.002975503662128176,5e-07
784,2.614562632981688,2.6115835518576205,0.0029790766025143967,5e-07
785,2.6131665855646133,2.61018203292042,0.0029845532012586773,5e-07
786,2.6054635611362755,2.602470164652914,0.002993395068187965,5e-07
787,2.598816305398941,2.5958275091834366,0.0029887897762819193,5e-07
788,2.5956050879321992,2.5926211196929216,0.00298396860171124,5e-07
789,2.6043968023732305,2.6014206996187568,0.0029761013865936548,5e-07
790,2.5745740989223123,2.5715900133363903,0.0029840833631169517,5e-07
791,2.538759066723287,2.5357303549535573,0.0030287062068055093,5e-07
792,2.523452077526599,2.520423898473382,0.003028181046829559,5e-07
793,2.5203133984468877,2.5173002113588154,0.003013192317666835,5e-07
794,2.517961417324841,2.514958309009671,0.00300310621423705,5e-07
795,2.516768933739513,2.5137470895424485,0.003021846410319995,5e-07
796,2.5015059811994433,2.498481513466686,0.003024471692242514,5e-07
797,2.502742462325841,2.4997098119929433,0.003032650172826834,5e-07
798,2.494404155295342,2.491330428980291,0.003073720616157516,5e-07
799,2.48054470308125,2.4775130515918136,0.0030316488832795585,5e-07
800,2.4864726555533707,2.483414001762867,0.003058656958728534,5e-07
801,2.489173456095159,2.486143001820892,0.0030304583638098848,5e-07
802,2.4843239369802177,2.4812633940018713,0.0030605447636844474,5e-07
803,2.48407313413918,2.481051707174629,0.003021426842224173,5e-07
804,2.479460604954511,2.476426915731281,0.0030336861364048673,5e-07
805,2.4772433768957853,2.4742086031474173,0.0030347749270731583,5e-07
806,2.4720803359523416,2.469044853001833,0.003035482213817886,5e-07
807,2.476509813219309,2.473464242182672,0.0030455694700322056,5e-07
808,2.4777046288363636,2.4746676981449127,0.0030369292117029545,5e-07
809,2.4820246724411845,2.479025805834681,0.002998864706569293,5e-07
810,2.4742987053468823,2.4712707307189703,0.0030279757229436655,5e-07
811,2.471660165581852,2.4686273694969714,0.003032796629213408,5e-07
812,2.4760180092416704,2.472960203420371,0.003057806355172943,5e-07
813,2.476173425093293,2.4731283062137663,0.003045121340164769,5e-07
814,2.478350981604308,2.475290516857058,0.0030604680173382803,5e-07
815,2.5014112405478954,2.498340417165309,0.003070827360261319,5e-07
816,2.508669516071677,2.505622782278806,0.003046739414003241,5e-07
817,2.5127165373414755,2.5096147465519607,0.0031017915512165928,5e-07
818,2.5042770695872605,2.501182354055345,0.0030947177428970463,5e-07
819,2.497238972224295,2.494164517149329,0.003074453845329117,5e-07
820,2.4883444695733488,2.485290134791285,0.0030543423172275652,5e-07
821,2.481977210380137,2.478919472079724,0.0030577341240132228,5e-07
822,2.476829360704869,2.473808676470071,0.0030206794253899716,5e-07
823,2.4985614269971848,2.4955511707812548,0.003010257102232572,5e-07
824,2.515491989441216,2.512465459294617,0.0030265339287325332,5e-07
825,2.512211475521326,2.509197514038533,0.0030139632190184784,5e-07
826,2.5282129156403244,2.525229837279767,0.0029830825351382373,5e-07
827,2.5272579272277653,2.5242510898970068,0.003006833639119577,5e-07
828,2.5270057073794305,2.523997116368264,0.0030085937082731107,5e-07
829,2.525455914437771,2.5224516233429313,0.0030042926455280394,5e-07
830,2.5365298902615905,2.533514514565468,0.003015379765201942,5e-07
831,2.533887421246618,2.530833026394248,0.0030543977691195323,5e-07
832,2.51319359568879,2.51015241490677,0.0030411792472477828,5e-07
833,2.5087065282277763,2.5056696417741477,0.003036880505987938,5e-07
834,2.521024619229138,2.517998887691647,0.003025734510174516,5e-07
835,2.512057739775628,2.5090150381438434,0.0030427031679209904,5e-07
836,2.5191024327650666,2.516082359943539,0.003020070055299584,5e-07
837,2.5225749015808105,2.5195379331707954,0.0030369703799806302,5e-07
838,2.5096973315812647,2.5066524827852845,0.0030448508637164196,5e-07
839,2.511053045745939,2.5079916561953723,0.00306138488713259,5e-07
840,2.5316366660408676,2.5286076101474464,0.0030290566287476395,5e-07
841,2.5186145030893385,2.5155661907047033,0.003048311065413145,5e-07
842,2.508667763322592,2.505625906866044,0.0030418552810260735,5e-07
843,2.5020417561754584,2.498983005527407,0.003058748388866661,5e-07
844,2.496392768807709,2.493351840879768,0.0030409261466957105,5e-07
845,2.49196720123291,2.488917840644717,0.0030493677804770414,5e-07
846,2.488229284994304,2.485155576840043,0.0030737082092855417,5e-07
847,2.4943695701658726,2.4912902959622443,0.003079276697462774,5e-07
848,2.5063504576683044,2.5032712765969336,0.003079181027260347,5e-07
849,2.494044221471995,2.4910121220164,0.0030320995606416545,5e-07
850,2.4989174250513315,2.495877287350595,0.0030401399076254165,5e-07
851,2.4910106025636196,2.4879529122263193,0.003057683312363224,5e-07
852,2.4836324541829526,2.480613545048982,0.0030189115977918846,5e-07
853,2.4813268478028476,2.4782959716394544,0.003030878740901244,5e-07
854,2.4792459798045456,2.4762280425056815,0.003017937136519322,5e-07
855,2.481705862097442,2.4786743340082467,0.0030315288390738715,5e-07
856,2.476127932779491,2.4730626181699336,0.0030653170060759294,5e-07
857,2.494361366145313,2.491323289461434,0.0030380761086234997,5e-07
858,2.5431665256619453,2.5400803866796196,0.0030861437508065137,5e-07
859,2.536788485944271,2.5337035902775824,0.003084897864937375,5e-07
860,2.523055402562022,2.520001569762826,0.0030538335695382557,5e-07
861,2.517378232907504,2.5143113541416824,0.0030668795143355965,5e-07
862,2.517621338367462,2.5145902913063765,0.003031047618151206,5e-07
863,2.5226080045104027,2.519580967258662,0.0030270391680460307,5e-07
864,2.535747858695686,2.532693932298571,0.0030539246349690075,5e-07
865,2.530798135790974,2.527745553292334,0.0030525868710356008,5e-07
866,2.5330336741171777,2.530027197673917,0.0030064777433835843,5e-07
867,2.538393313996494,2.535342266317457,0.003051048181077931,5e-07
868,2.530793852172792,2.527739397250116,0.003054455637538922,5e-07
869,2.524284838233143,2.521186589729041,0.003098249716913415,5e-07
870,2.519882893655449,2.516813593916595,0.0030693039493598917,5e-07
871,2.5086049204692245,2.5055565177462995,0.0030484029821309377,5e-07
872,2.510002193041146,2.5069362903013825,0.003065902155412914,5e-07
873,2.4897444415837526,2.4866923172958195,0.0030521207745550782,5e-07
874,2.496554870158434,2.493489188607782,0.003065681020871125,5e-07
875,2.4889340796507895,2.485860565677285,0.0030735142413504946,5e-07
876,2.490058684255928,2.487000158522278,0.0030585244544454326,5e-07
877,2.479003726039082,2.4759285473264754,0.0030751811655136407,5e-07
878,2.470415709540248,2.4673558454960585,0.0030598698804169544,5e-07
879,2.464878849219531,2.4618288222700357,0.0030500237512569583,5e-07
880,2.4610219546593726,2.4579673265106976,0.0030546293783118017,5e-07
881,2.4587824479676783,2.4557353262789547,0.003047127916033787,5e-07
882,2.459317800588906,2.4562766910530627,0.003041109573587164,5e-07
883,2.454382135067135,2.4513299907557666,0.003052143818422337,5e-07
884,2.4569986099377275,2.453965344466269,0.0030332649871525064,5e-07
885,2.454650639090687,2.451593790668994,0.0030568516358471243,5e-07
886,2.439597237855196,2.4364767344668508,0.0031205046002469317,5e-07
887,2.441500212997198,2.4384010029025376,0.0030992106881058135,5e-07
888,2.441203204449266,2.4381236182525754,0.0030795880666119047,5e-07
889,2.4455194734036922,2.4424580549821258,0.003061414439798682,5e-07
890,2.4434701269492507,2.440385127440095,0.003084997378209664,5e-07
891,2.4403099031187594,2.4372210446745157,0.0030888589899404906,5e-07
892,2.439887272194028,2.436802194919437,0.0030850832913529302,5e-07
893,2.4384656087495387,2.4353569904342294,0.003108621743194817,5e-07
894,2.4362565744668245,2.433155365753919,0.003101207594227162,5e-07
895,2.4335730373859406,2.430502275004983,0.003070761769777164,5e-07
896,2.4308870690874755,2.4278039736673236,0.003083095198689989,5e-07
897,2.4373060683719814,2.434218821115792,0.0030872459615238768,5e-07
898,2.4414601013995707,2.4383875341154635,0.003072564041303849,5e-07
899,2.4477827213704586,2.4447278515435755,0.0030548676077160053,5e-07
900,2.4487352524884045,2.4456921285018325,0.0030431259697252244,5e-07
901,2.455955430865288,2.452908086590469,0.00304734878045565,5e-07
902,2.4588619507849216,2.4557898193597794,0.003072132071338274,5e-07
903,2.4540724786929786,2.4509820160456,0.003090461251758825,5e-07
904,2.4477708474732935,2.4446821776218712,0.003088673381625995,5e-07
905,2.4645629986189306,2.4615045613609254,0.003058437038816919,5e-07
906,2.4562823534943163,2.453180542681366,0.003101807848906901,5e-07
907,2.4628567160107195,2.459759547840804,0.003097173749210924,5e-07
908,2.4538797177374363,2.4507755958475173,0.003104120717580372,5e-07
909,2.462071548216045,2.4590068217366934,0.0030647251674054132,5e-07
910,2.4577187872491777,2.454612970352173,0.0031058144409144006,5e-07
911,2.4638091516681015,2.4607243561185896,0.0030847879343127715,5e-07
912,2.464310414623469,2.4612337350845337,0.0030766781424063083,5e-07
913,2.4606399554759264,2.4575372938998044,0.003102662258697819,5e-07
914,2.459384367801249,2.4562877295538783,0.0030966322738095187,5e-07
915,2.4622211530804634,2.4591301041655242,0.0030910506879990862,5e-07
916,2.459105445072055,2.45601206459105,0.0030933819293750275,5e-07
917,2.449024910107255,2.445912963245064,0.003111946039553004,5e-07
918,2.4431691612116992,2.4400532827712595,0.0031158821825556515,5e-07
919,2.445328660774976,2.4422368053346872,0.003091850591772527,5e-07
920,2.4455998772755265,2.4425217574462295,0.00307811857373963,5e-07
921,2.446920558344573,2.443823733367026,0.0030968209630373167,5e-07
922,2.4445440778508782,2.4414499308913946,0.0030941474492465204,5e-07
923,2.442602766212076,2.4395361174829304,0.0030666519646729284,5e-07
924,2.440348541829735,2.437279692851007,0.003068848891871312,5e-07
925,2.4461834840476513,2.4431141251698136,0.003069358903758257,5e-07
926,2.452826681546867,2.449768291786313,0.0030583879447476647,5e-07
927,2.4522993341088295,2.449221024289727,0.0030783095007791417,5e-07
928,2.452209033071995,2.4490959546528757,0.003113076868430653,5e-07
929,2.4538012840785086,2.450715566519648,0.0030857201090839226,5e-07
930,2.460606216453016,2.4575371304526925,0.0030690925941598834,5e-07
931,2.464749127160758,2.46169003425166,0.0030590940523325116,5e-07
932,2.4740279908291996,2.4709821976721287,0.0030457936773018446,5e-07
933,2.46910570980981,2.466029267758131,0.0030764370276301634,5e-07
934,2.463266656268388,2.460163549054414,0.003103107220340462,5e-07
935,2.458612742368132,2.4555246541276574,0.003088088677941414,5e-07
936,2.459019250702113,2.4559249435551465,0.003094302235695068,5e-07
937,2.457848756108433,2.4547475478611887,0.0031012076583465387,5e-07
938,2.4529114440083504,2.4498322433792055,0.0030791978874731285,5e-07
939,2.453169243875891,2.4500883175060153,0.003080923126617563,5e-07
940,2.4546566493809223,2.4515746645629406,0.003081986294091621,5e-07
941,2.4528248491697013,2.449739949312061,0.003084906715230318,5e-07
942,2.4495148165151477,2.4464065157808363,0.0031082971227078815,5e-07
943,2.4506287099793553,2.4475148236379027,0.0031138852864387445,5e-07
944,2.4532177108339965,2.4501149370335042,0.003102777375261212,5e-07
945,2.4517086213454604,2.448596686590463,0.0031119387876969995,5e-07
946,2.452690992038697,2.4495885223150253,0.003102474606293981,5e-07
947,2.4521570336073637,2.4490451319143176,0.0031119081595534226,5e-07
948,2.4542324682697654,2.451132034882903,0.00310043727631637,5e-07
949,2.450922729447484,2.4478265773504972,0.0030961480624682736,5e-07
950,2.448532494250685,2.4454396148212254,0.0030928748751648527,5e-07
951,2.445032992400229,2.441948138177395,0.003084858785769029,5e-07
952,2.4446781794540584,2.4415828436613083,0.00309533220161029,5e-07
953,2.4454259797930717,2.4423367087729275,0.0030892743902768416,5e-07
954,2.447502166032791,2.4444277812726796,0.0030743783281650394,5e-07
955,2.4447650243528187,2.4416630915366113,0.0031019336934150488,5e-07
956,2.4438563999719918,2.4407717934809625,0.0030846110284983297,5e-07
957,2.4453087407164276,2.4422249724157155,0.0030837683807476424,5e-07
958,2.4468066412955523,2.443698445800692,0.0031081923639249,5e-07
959,2.4509684746153653,2.4478624956682324,0.0031059756793183624,5e-07
960,2.4507999080233276,2.4477133457548916,0.0030865641497257457,5e-07
961,2.4526462354697287,2.4495719531551003,0.0030742818307771813,5e-07
962,2.454071576707065,2.45100163994357,0.003069934498398652,5e-07
963,2.45546169904992,2.452357415109873,0.0031042794244058314,5e-07
964,2.457608195953071,2.4544900748878717,0.0031181207286863355,5e-07
965,2.455305937677622,2.452172488439828,0.0031334503087236953,5e-07
966,2.451639474835247,2.44851135648787,0.00312811229377985,5e-07
967,2.4509359686635435,2.4478241321630776,0.003111837062988343,5e-07
968,2.4548224667087197,2.4516995484009385,0.0031229174355758005,5e-07
969,2.4571257126517594,2.453997001517564,0.0031287093984246894,5e-07
970,2.4583336850628257,2.4552368535660207,0.0030968337946433167,5e-07
971,2.459081035107374,2.455985323525965,0.0030957170129113365,5e-07
972,2.457807233557105,2.454715233761817,0.0030919966266083065,5e-07
973,2.4588865153491497,2.4558041277341545,0.0030823866445643944,5e-07
974,2.457890646532178,2.454783570487052,0.0031070773407009256,5e-07
975,2.456796162761748,2.453696879558265,0.0030992848710411636,5e-07
976,2.4565892023965716,2.4535021907649934,0.0030870120044710347,5e-07
977,2.45835628407076,2.4552724775858223,0.003083806353060936,5e-07
978,2.4641686603426933,2.4610882555134594,0.0030804070474914624,5e-07
979,2.461106227710843,2.4579973621293902,0.0031088637060747715,5e-07
980,2.456384131219238,2.4532584599219263,0.0031256695888259856,5e-07
981,2.454726711381227,2.451590093318373,0.003136616561732808,5e-07
982,2.4536054749041796,2.4504685681313276,0.0031369071066364995,5e-07
983,2.454184536356479,2.451062856707722,0.0031216815909829165,5e-07
984,2.4574929727241397,2.4543774146586657,0.003115562725270138,5e-07
985,2.4556953022256494,2.4525667298585176,0.0031285769696296484,5e-07
986,2.4543335302732885,2.451205571182072,0.0031279527570404753,5e-07
987,2.4537873044610023,2.4506567209027708,0.0031305791299018892,5e-07
988,2.450680874288082,2.4475232725962996,0.003157602536248305,5e-07
989,2.4501144737005234,2.4469504840672016,0.0031639879193789966,5e-07
990,2.4506330802105367,2.447468076366931,0.003165003466165217,5e-07
991,2.449384395033121,2.4462163792923093,0.003168010656736442,5e-07
992,2.449158053379506,2.4459937647916377,0.003164289468259085,5e-07
993,2.448978817090392,2.4458094448782504,0.003169373930177244,5e-07
994,2.4478157204575837,2.444655212573707,0.0031605083058821037,5e-07
995,2.4476460749283433,2.4444921649992466,0.0031539219517071615,5e-07
996,2.446957622654736,2.4438062817789614,0.00315134252923599,5e-07
997,2.4466025517322123,2.4434555610641837,0.0031469862210542487,5e-07
998,2.446605797857046,2.443463493604213,0.0031423004625139583,5e-07
999,2.4463511258363724,2.4432076145894825,0.0031435083355972893,5e-07
